eventID,year,month,day,hour,minute,second,longitude,latitude,depth,magnitude,sigmaMagnitude
16957884,1906,1,31,15,36,11.16,-79.347,0.988,20,8.45,0
16957960,1907,6,1,8,40,37.29,-79.952,1.494,15,6.62,0
16957961,1907,6,5,3,21,52.3,-78.328,2.094,35,6.47,0
16958203,1912,7,24,11,59,18.95,-80.491,-4.896,35,6.8,0
914006,1914,9,25,10,30,44.68,-80.424,-4.615,35,6.17,0
914019,1914,11,18,9,38,0.19,-81.951,0.32,15,6.53,0
913821,1916,6,30,3,0,27.35,-80.013,0.733,15,6.75,0
912416,1920,1,30,18,26,47.29,-77.469,3.156,35,6.35,0
911774,1923,12,14,10,31,19.96,-78.19,0.691,10,6.26,0
910863,1924,3,11,22,44,25.79,-81.7,-3.277,15,6.04,0
911038,1924,7,22,4,4,0.74,-78.917,-1.248,15,6.23,0
911164,1924,10,18,23,5,31.67,-79.885,2.959,15,6.07,0
910785,1925,12,27,17,38,33.37,-81.276,-6.497,15,6.3,0
909914,1926,7,1,20,29,36.56,-82.655,-5.922,15,5.95,0
909135,1927,3,13,5,32,35.97,-80.622,-5.614,35,5.97,0
909329,1927,6,10,17,8,17.42,-78.072,-0.695,15,5.99,0
908668,1928,5,14,22,14,48.04,-78.658,-5.449,10,7.28,0
908669,1928,5,15,2,36,18.79,-78.733,-5.344,35,6.27,0
908673,1928,5,16,7,56,44.34,-79.6,-5.327,35,5.96,0
908687,1928,5,21,17,2,13.52,-81.025,-4.824,35,5.52,0
908696,1928,5,26,14,3,28.79,-77.716,-4.544,15,5.96,0
908792,1928,7,18,19,5,9.26,-78.982,-5.732,35,7.09,0
905851,1933,10,2,15,29,27.89,-80.747,-1.82,15,6.79,0
905856,1933,10,3,10,21,24.48,-80.917,-1.78,15,5.95,0
905093,1934,8,6,12,7,9.46,-77.938,3.333,15,5.85,0
904456,1935,8,7,9,2,15.88,-77.461,0.921,15,5.95,0
904719,1935,12,24,12,24,12.59,-79.18,2.728,25,6.31,0
903085,1937,5,21,13,12,18.92,-78.285,2.504,15,5.91,0
902365,1938,2,8,7,16,14.11,-80.82,-1.402,15,6.29,0
902368,1938,2,8,14,21,28.85,-81.226,-1.527,15,6.29,0
901316,1940,5,5,2,3,45.12,-80.395,-6.895,15,6.27,0
900274,1942,5,14,2,13,27.01,-79.982,-0.014,20,7.8,0
900280,1942,5,15,11,51,25.98,-80.045,0.556,15,6.29,0
900289,1942,5,17,15,14,21.64,-80.249,0.532,15,6.43,0
900327,1942,6,12,10,21,34.95,-76.877,-2.083,15,6.25,0
900340,1942,6,16,21,5,18.69,-80.655,0.569,15,6.23,0
900364,1942,7,4,1,53,10.94,-80.462,0.612,15,6.07,0
900366,1942,7,4,6,8,39.65,-80.692,0.724,15,5.98,0
900378,1942,7,7,12,37,50.15,-80.193,0.785,15,6.2,0
900383,1942,7,8,22,31,0.44,-80.169,0.755,15,6.3,0
900388,1942,7,12,5,5,20.63,-79.878,-0.134,15,6.56,0
900541,1942,11,12,15,26,22.82,-80.667,0.011,15,6.4,0
900557,1942,11,19,8,51,58.38,-81.6,-0.464,15,6.46,0
900558,1942,11,19,9,8,51.75,-81.856,-0.733,15,6.39,0
900586,1942,12,15,9,9,9.47,-81.33,-0.112,15,6.31,0
899707,1943,1,30,5,33,4.42,-80.147,-2.051,58.7,6.22,0
899592,1944,10,23,23,40,10.56,-79.297,0.767,20,6.6,0
898307,1946,3,29,7,26,7.9,-81.068,-1.6,15,6.56,0
896736,1949,8,5,19,8,51.66,-78.305,-1.237,15,6.45,0
895892,1950,10,5,23,7,48.73,-81.641,-4.072,15,5.9,0
891597,1953,4,1,10,49,44.78,-80.804,-0.254,10,6.1,0
891598,1953,4,1,11,21,27.54,-80.685,-0.344,20,6.16,0
892281,1953,12,12,17,31,29.84,-80.636,-3.552,25,7.32,0
889774,1955,7,20,21,0,47.5,-78.394,0.303,15,6,0
887842,1956,1,16,23,37,45.12,-80.213,-0.727,20,6.95,0
886586,1957,5,24,2,37,50.37,-76.752,3.7,52.3,6.12,0
887096,1957,8,26,13,58,50.4,-80.99,-1.925,15,6.34,0
883713,1958,1,19,14,7,28.47,-79.489,1.011,27.5,7.6,0
883714,1958,1,19,14,43,30.3,-79.543,1.153,27.5,6.85,0
883765,1958,2,1,16,10,16.51,-79.338,1.541,15,6.9,0
883766,1958,2,1,18,2,42.74,-79.305,1.55,25,6.26,0
883768,1958,2,1,20,45,49.96,-79.146,1.446,25,6.34,0
884108,1958,4,3,8,25,49.26,-79.547,1.406,25,5.73,0
884193,1958,4,14,21,32,34.35,-79.428,0.801,25,6.8,0
884195,1958,4,15,1,30,49.75,-79.581,0.907,25,6.12,0
884447,1958,5,25,21,11,45.8,-77.877,-3.235,45.8,6.19,0
881364,1959,2,7,9,36,57.21,-81.686,-3.831,30,6.91,0
881407,1959,2,16,0,39,36.03,-81.204,-1.088,15,5.96,0
880820,1960,11,20,22,1,57.16,-80.918,-6.775,15,7.6,0
877087,1961,7,28,1,5,31.73,-77.035,-2.287,142.1,6.57,0
875157,1962,8,13,6,35,55.67,-83.476,2.131,10,5.95,0
875832,1962,12,21,21,27,48.74,-81.167,-1.084,15,5.77,0
871916,1963,3,4,15,43,2.43,-81.774,-4.585,15,6.07,0
871922,1963,3,5,7,5,0.14,-81.519,-4.683,15,5.84,0
872144,1963,4,13,2,20,58.7,-76.539,-6.254,119.8,6.5,0
872284,1963,5,10,22,22,43.06,-77.623,-2.188,20,6.6,0
873470,1963,11,3,3,10,13.62,-77.705,-3.546,25,6.2,0
869268,1964,3,2,17,19,51.7,-77.41,-2.024,25,5.13,0
869642,1964,3,20,6,55,30.67,-79.87,-2.132,90,5.53,0
867886,1964,5,19,23,3,40.34,-80.226,-0.862,35,6.2,0
866686,1964,6,9,18,16,11.34,-79.145,-0.2,15,5.07,0
863848,1964,10,25,6,25,49.66,-77.228,-2.037,162.4,5.54,0
863862,1964,10,25,22,56,29.13,-78.863,-2.095,15,5.33,0
862393,1964,11,2,6,51,2.48,-76.8,-4.114,117.1,5.98,0
861061,1965,1,14,8,25,18.47,-81.274,-5.651,25,5.55,0
858547,1965,3,12,22,54,44.87,-77.679,-5.664,26.4,5.22,0
857942,1965,4,22,22,13,57.54,-78.715,-5.641,25,5.13,0
854529,1965,8,13,0,54,45.17,-81.097,-4.403,37.9,5.43,0
853904,1965,9,17,11,13,57.35,-77.476,-1.443,185.9,6.52,0
852768,1965,11,29,17,7,1.87,-78.675,-6.143,22.2,5.46,0
852031,1965,12,28,22,4,53.83,-77.037,-3.197,16.4,5.53,0
849667,1966,3,28,15,29,23.19,-80.836,-4.018,42.9,5.45,0
844729,1966,8,20,7,43,29.32,-77.166,-3.195,113.3,5.65,0
842616,1966,10,18,18,43,36.11,-74.274,3.596,35,5.14,0
838623,1967,2,9,15,24,49.08,-74.798,2.849,55,7,0
838749,1967,2,13,10,25,46.53,-75.604,-5.167,45,5.53,0
839156,1967,2,27,2,6,41.28,-74.77,2.946,36.1,5.25,0
837313,1967,3,2,2,47,33.45,-78.595,-0.214,118.9,6,0
836665,1967,4,13,5,30,3.76,-76.657,-6.114,20,5.18,0
834721,1967,6,21,6,49,54.53,-77.519,-2.336,15,5.73,0
834781,1967,6,22,13,49,48.53,-77.552,-2.293,15,5.22,0
829085,1967,11,4,16,26,49.42,-77.631,-2.704,93.7,6.09,0
829110,1967,11,5,14,23,53.89,-74.895,3.075,23.9,5.2,0
827722,1968,1,28,1,50,47.33,-74.943,2.916,51.5,5.19,0
823592,1968,4,7,23,49,4.57,-78.01,-4.977,52.5,5.23,0
823939,1968,4,15,7,47,39.73,-81.007,-5.989,27.5,5.37,0
824006,1968,4,17,6,54,19.85,-77.071,-5.546,20.1,5.22,0
821729,1968,5,9,12,52,24.43,-81.835,-5.348,18.8,5.71,0
822069,1968,5,16,8,25,8.92,-76.611,-3.768,97.6,5.53,0
820734,1968,6,19,8,13,35.78,-77.086,-5.61,15,6.8,0
820745,1968,6,19,9,5,48.48,-77.383,-5.629,18.6,5.56,0
820756,1968,6,19,10,18,46.22,-77.168,-5.563,22.9,5.25,0
820761,1968,6,19,10,57,25.32,-77.168,-5.564,23.4,5.14,0
820798,1968,6,19,16,54,31.1,-77.128,-5.549,25.7,5.22,0
820800,1968,6,19,17,7,44.18,-77.283,-5.583,22.7,5.31,0
820829,1968,6,19,23,38,59.75,-77.306,-5.62,20,5.31,0
820847,1968,6,20,2,38,37.91,-77.184,-5.573,15,5.7,0
820872,1968,6,20,8,11,11.09,-77.271,-5.607,20,5.34,0
820906,1968,6,20,15,51,56.8,-77.111,-5.594,17.8,5.11,0
820933,1968,6,21,0,26,8.98,-77.258,-5.705,15,5.7,0
820953,1968,6,21,7,24,18.82,-77.441,-5.39,20,5.14,0
820955,1968,6,21,7,31,18.91,-77.522,-5.44,25,5.17,0
821233,1968,6,26,4,53,47.26,-77.226,-5.62,22.6,5.14,0
821261,1968,6,26,16,34,12.65,-77.256,-5.551,20,5.24,0
818525,1968,7,1,11,8,22.14,-77.237,-5.696,26.1,5.18,0
818775,1968,7,7,23,48,9.71,-77.146,-5.708,25,5.53,0
818798,1968,7,8,8,45,48.22,-77.047,-5.648,25,5.14,0
819074,1968,7,16,13,18,44.82,-77.344,-5.697,23,5.28,0
819328,1968,7,24,22,31,36.48,-77.648,-2.464,25.4,5.19,0
819448,1968,7,28,18,36,9.13,-77.2,-5.708,20,5.26,0
819518,1968,7,30,20,38,43.55,-80.544,-6.987,31.8,6.32,0
818377,1968,8,27,11,19,15.87,-77.357,-5.677,20,5.19,0
816750,1968,9,6,7,49,43.9,-80.391,-5.838,66.2,5.53,0
816821,1968,9,7,17,41,55.26,-77.219,-5.473,24.3,5.28,0
815214,1968,11,19,7,18,57.37,-77.297,-5.341,16.8,5.14,0
811843,1969,2,3,21,37,32.9,-77.148,-5.723,20.2,5.25,0
811356,1969,3,21,23,34,40.88,-77.021,-5.409,25,5.14,0
809992,1969,4,19,9,21,46.99,-77.183,-5.359,16.7,5.3,0
809360,1969,5,28,13,30,8.67,-76.763,-2.174,158.6,5.67,0
806740,1969,7,5,4,55,33.39,-77.113,-5.558,17.2,5.39,0
798398,1970,3,25,13,21,5.44,-79.051,-2.343,15,5.25,0
798680,1970,3,31,8,50,14.35,-80.2,-5.632,73.1,5.65,0
796797,1970,4,16,10,26,59.04,-77.093,-5.581,25,5.11,0
797144,1970,4,25,5,54,54.04,-80.156,-3.841,70,5.22,0
794318,1970,6,5,10,13,2.58,-77.297,-5.603,17.8,5.35,0
793861,1970,7,18,19,58,46.54,-78.94,-0.279,15,5.1,0
789028,1970,12,10,4,34,41.86,-80.542,-4.026,25,7.2,0
789032,1970,12,10,5,32,51.67,-80.813,-3.991,37.5,5.38,0
789034,1970,12,10,6,51,19.69,-80.787,-3.892,35.2,5.11,0
789040,1970,12,10,9,59,2.06,-81.232,-4.141,37.1,5.14,0
789045,1970,12,10,11,37,43.77,-80.987,-4.093,35.8,5.59,0
789052,1970,12,10,17,29,40.7,-80.907,-3.989,31.7,5.23,0
789073,1970,12,11,10,24,37.55,-80.797,-4.104,38,5.74,0
789127,1970,12,13,0,15,23.85,-80.823,-4.005,39.6,5.17,0
789175,1970,12,14,7,32,52,-80.907,-1.436,15,5.87,0
789213,1970,12,15,21,15,21.64,-80.871,-4.026,32.8,5.31,0
789353,1970,12,21,7,21,46.79,-80.851,-3.938,33.3,5.15,0
789354,1970,12,21,7,33,17.51,-80.847,-3.996,37.3,5.31,0
789369,1970,12,22,1,48,31.1,-80.916,-4.078,31.5,5.59,0
789389,1970,12,22,15,8,36.75,-80.771,-3.929,36.5,5.18,0
789539,1970,12,27,3,10,8.31,-80.859,-3.878,42.4,5.16,0
789621,1970,12,29,8,1,59.49,-81.02,-3.974,35,5.88,0
788565,1971,1,25,22,49,25.02,-81.059,-3.992,25,5.25,0
788637,1971,1,27,23,22,57.18,-75.521,-4.384,30,5.15,0
787297,1971,2,11,17,8,44.47,-80.915,-4.009,32.4,5.17,0
784420,1971,5,13,10,40,48.55,-78.472,-1.311,15,5.14,0
784648,1971,5,17,11,4,8.26,-77.66,-1.671,171.6,6.7,0
785182,1971,5,31,11,34,20.88,-80.95,-4.15,37.2,5.16,0
783345,1971,6,11,1,32,59.76,-80.715,-4.178,35,5.8,0
782399,1971,7,17,17,56,15.51,-80.881,-4.013,32.7,5.19,0
782797,1971,7,27,2,2,49.9,-77.322,-2.839,120,7.42,0
780046,1971,9,7,5,32,49.93,-81.006,-4.022,33.8,5.15,0
779715,1971,10,28,6,30,34.01,-80.712,-3.897,51.6,5.37,0
775498,1972,3,20,7,33,50.94,-76.726,-6.855,55,6.4,0
775499,1972,3,20,7,51,5.12,-76.962,-6.856,45,5.54,0
775511,1972,3,20,16,50,30.53,-76.927,-6.911,55,5.46,0
773439,1972,5,13,14,24,28.67,-80.724,-3.795,58.6,5.16,0
769065,1972,9,4,23,32,21.88,-80.741,-3.847,30,5.55,0
767590,1972,11,22,10,44,57.44,-75.362,2.44,15,5.31,0
763564,1973,2,1,4,10,21.11,-80.831,-4.099,41.6,5.17,0
764227,1973,2,23,4,26,22.21,-78.205,-2.147,35,5.9,0
764229,1973,2,23,6,41,18.76,-78.155,-1.977,15,5.22,0
762050,1973,4,28,12,21,5.67,-79.924,-1.84,52.5,5.68,0
760962,1973,5,30,4,38,2.64,-78.454,-2.303,104,5.76,0
757069,1973,8,7,5,56,21.61,-77.275,-5.832,20,5.15,0
755584,1973,10,18,9,18,33.13,-74.907,2.865,35,5.35,0
754298,1973,11,9,22,41,28.91,-80.898,-3.949,30,5.75,0
753469,1973,12,10,19,28,14.43,-77.721,-1.442,181.3,5.55,0
750332,1974,3,10,16,17,10.8,-79.952,0.374,40,5.77,0
746633,1974,6,1,21,11,27.96,-81.003,-2.845,33.4,5.25,0
746889,1974,6,9,10,41,21.7,-80.975,-5.894,31.4,5.35,0
746892,1974,6,9,14,16,2.59,-81.057,-5.825,29,5.82,0
735979,1974,10,2,2,55,5.22,-81.029,-5.936,30,5.69,0
736230,1974,10,8,15,39,37.33,-80.981,-4.332,35,5.25,0
731395,1975,3,18,17,21,26.32,-76.937,-4.389,120,6.59,0
729853,1975,4,7,1,39,50.88,-80.39,-1.966,49.3,5.18,0
729576,1975,5,30,2,12,41.06,-81.026,-4.098,29.5,5.14,0
727023,1975,6,3,20,18,2.58,-75.178,-6.171,25,5.28,0
725145,1975,8,16,0,53,54.96,-75.935,-5.381,123.2,5.79,0
725463,1975,8,24,15,30,7.83,-77.303,-5.453,11.7,5.33,0
724034,1975,9,16,0,44,2.26,-80.756,-4.255,45,5.36,0
722322,1975,11,29,6,26,55.96,-77.665,-5.237,20,5.3,0
715266,1976,4,9,7,8,51.59,-79.573,0.827,17.4,6.64,0
709640,1976,8,10,0,10,27.41,-79.025,2.077,25,5.81,0
706756,1976,10,4,23,36,8.41,-78.607,-0.662,15,5.29,0
706789,1976,10,5,16,36,28.88,-78.895,-0.608,15,5.33,0
706825,1976,10,6,9,12,37.35,-78.501,-0.727,10,5.7,0
706993,1976,10,10,6,19,23.05,-78.953,-0.697,15,5.16,0
707617,1976,10,27,0,5,49.02,-77.993,-1.274,25,5.45,0
702937,1977,2,28,1,32,0.18,-82.721,3.929,10,5.63,0
701880,1977,3,30,18,53,39.1,-78.446,-5.194,18.2,5.21,0
697958,1977,5,1,0,9,7.59,-77.034,-6.163,123.1,5.17,0
698263,1977,5,8,16,45,18.27,-81.103,-1.207,29,5.5,0
698478,1977,5,13,13,35,15.84,-76.94,-5.704,25,5.26,0
697792,1977,6,27,18,57,21.28,-77.151,-1.761,22.7,5.22,0
696578,1977,7,30,5,22,20.33,-77.266,-5.516,26,5.25,0
694575,1977,8,15,16,49,41.4,-80.9,-4.019,29.2,5.25,0
684988,1978,3,14,17,20,45.68,-78.232,-4.974,45,5.17,0
683193,1978,4,3,5,31,34.6,-77.162,-3.561,45,5.14,0
680496,1978,6,7,8,0,36.47,-78.346,-0.632,15,5.17,0
674214,1978,11,21,0,7,4.68,-81.153,-4.212,30,5.35,0
674395,1978,11,24,15,16,43.79,-81.138,-4.934,36.1,5.4,0
667497,1979,3,1,14,33,14.05,-80.131,0.547,15,5.69,0
658702,1979,9,13,4,40,59.86,-77.437,-5.319,25,5.21,0
656648,1979,10,5,16,43,17.35,-76.223,-3.602,117.8,5.26,0
656963,1979,10,11,17,48,37.01,-76.891,-5.497,26,5.41,0
654039,1979,12,12,7,59,5.58,-79.276,1.555,23.6,8.09,0
654042,1979,12,12,8,33,50.94,-78.82,2.755,15,5.84,0
654092,1979,12,13,5,37,49.99,-79.321,2.427,25,6.26,0
654958,1979,12,31,23,7,23.02,-79.073,1.956,20,6.01,0
652378,1980,1,7,0,33,38.02,-78.726,2.889,26.5,5.25,0
653316,1980,1,26,15,27,15.73,-79.502,2.279,25,5.61,0
651395,1980,2,18,13,3,23.65,-79.842,-2.34,72.2,5.72,0
648038,1980,4,20,11,26,23.23,-78.544,-2.563,101.1,5.16,0
645449,1980,5,11,9,25,58.32,-80.466,1.716,15,5.47,0
640278,1980,8,18,15,7,53.45,-80.032,-2.016,50,5.93,0
638219,1980,9,3,22,12,39.92,-78.103,3.169,30.7,6.11,0
636783,1980,10,8,22,1,35.71,-77.706,-1.4,189.5,6,0
632183,1981,1,2,7,36,59.61,-79.226,2.028,13.4,5.91,0
632227,1981,1,3,1,23,40.46,-79.132,2.112,25,5.43,0
632380,1981,1,7,7,1,39.63,-79.261,1.928,14.4,5.55,0
632105,1981,2,28,21,56,13.82,-81.661,-6.465,25,6.05,0
628069,1981,4,11,10,22,8.83,-77.451,-5.501,20,5.28,0
626279,1981,5,6,21,34,47.79,-81.074,-1.972,15,5.58,0
626280,1981,5,6,21,36,5.64,-81.027,-1.917,15,6.44,0
624813,1981,6,5,23,34,56.23,-80.702,-3.899,38.7,5.19,0
625808,1981,6,27,21,54,16.43,-80.222,-3.03,49.4,5.25,0
623220,1981,7,7,10,25,47.83,-79.806,2.762,18.1,5.29,0
612605,1981,8,5,12,58,26.29,-76.358,3.859,35,5.31,0
613243,1981,8,19,14,29,45.53,-80.929,-3.797,34.3,5.09,0
609524,1981,10,4,20,3,53.58,-77.418,-1.569,198,5.41,0
608175,1981,11,3,7,2,40.89,-78.359,-1.826,141.6,5.88,0
603605,1982,2,4,18,57,45.56,-77.507,-4.993,32.6,5.48,0
600238,1982,4,7,11,52,5.18,-78.515,-2.543,95.4,5.29,0
600460,1982,4,11,12,21,30.68,-78.724,-2.799,22.9,5.13,0
599331,1982,5,20,12,10,51.05,-77.88,-1.563,166.6,5.27,0
592970,1982,8,1,20,38,18,-78.787,2.534,26,5.29,0
593454,1982,8,10,4,51,47.09,-77.352,-5.358,11.7,5.76,0
594376,1982,8,26,5,23,0.34,-79.902,-2.744,67.7,6.02,0
591224,1982,10,29,15,33,42.18,-80.662,-4.167,37.2,5.05,0
589237,1982,11,18,14,57,52.65,-76.569,-1.691,193.3,6.55,0
587016,1982,12,18,10,15,6.97,-75.619,-6.408,27.5,5.57,0
581906,1983,3,31,13,12,53,-76.696,2.364,15,5.64,0
578646,1983,4,12,12,7,57.6,-77.931,-4.868,125.9,6.97,0
578879,1983,4,15,10,8,22.47,-75.663,-6.08,129.6,5.3,0
576627,1983,5,19,19,7,20.01,-77.065,0.065,23.5,5.21,0
568371,1983,9,14,8,35,18.93,-79.288,-3.764,100,5.69,0
564204,1983,11,3,7,41,12.26,-79.444,-4.052,92.9,5.87,0
564876,1983,11,13,22,38,46.23,-77.13,-5.678,26,5.25,0
565334,1983,11,22,14,21,1.08,-79.732,0.535,25,6.75,0
565336,1983,11,22,15,15,16.92,-78.061,-4.911,25,5.36,0
565519,1983,11,25,22,56,26.94,-76.305,-3.822,114.1,5.63,0
565545,1983,11,26,9,22,34.49,-82.553,3.925,15,5.61,0
563400,1983,12,21,18,36,54.15,-79.965,0.363,20,5.42,0
560923,1984,1,13,2,29,1.95,-78.59,-3.998,104,5.68,0
561227,1984,1,17,16,19,6.11,-81.389,-3.956,29.4,5.53,0
555202,1984,4,15,21,26,32.95,-77.652,-3.775,108.4,5.38,0
556048,1984,4,28,20,12,6.02,-78.167,-1.906,35,5.64,0
553006,1984,5,13,23,53,30.79,-80.84,-4.006,34.7,5,0
548809,1984,7,11,17,22,25.03,-76.966,3.684,40,5.25,0
549940,1984,7,30,4,27,27.82,-79.082,2.269,30,5.14,0
543156,1984,9,6,19,10,1.13,-79.633,-3.676,80.6,5.58,0
540570,1984,10,3,23,55,19.65,-75.721,-6.15,27.5,5.54,0
539054,1984,11,13,14,3,17.94,-76.026,1.921,15.6,5.25,0
527271,1985,4,10,20,15,38.62,-76.941,1.578,10,5.21,0
522318,1985,6,10,3,23,34.44,-78.551,2.967,28.8,5.54,0
523407,1985,6,24,16,20,8.22,-78.071,-1.957,15,5.4,0
521197,1985,7,26,17,57,1.68,-78.649,-5.424,32.3,5.27,0
505557,1986,1,12,6,38,22.18,-79.394,-4.017,98.3,5.3,0
506340,1986,1,19,8,3,25.7,-79.976,0.619,15,5,0
507042,1986,1,28,6,51,46.57,-77.365,-1.855,163.4,5.36,0
498864,1986,4,23,20,27,13.73,-81.019,-3.913,46.2,5.29,0
481975,1986,11,23,1,39,26.94,-77.407,-3.438,125.5,6.79,0
477298,1987,1,25,10,31,24.62,-79.341,3.031,15.2,5.75,0
471335,1987,3,6,1,54,51.38,-77.746,0.069,10,6.4,0
471340,1987,3,6,4,10,43.16,-77.815,-0.002,10,7.14,0
471355,1987,3,6,6,33,5.14,-77.669,-0.052,10,5.35,0
471361,1987,3,6,8,14,50.82,-77.839,0.056,10,5.99,0
471870,1987,3,12,11,2,30.48,-81.485,-3.874,37,5.13,0
466995,1987,5,14,16,4,26.88,-81.392,-5.78,25,5.94,0
458159,1987,9,22,13,43,39.78,-77.996,-1.093,15,6.35,0
458172,1987,9,22,16,21,38.01,-78.229,-1.119,20,5.96,0
458490,1987,9,27,4,6,53.08,-81.164,-6.69,23.1,5.47,0
450952,1987,12,18,5,1,24.47,-77.762,-1.4,177.6,5.5,0
439607,1988,4,2,19,45,3.88,-81.062,-5.744,23.5,5.34,0
440533,1988,4,12,15,26,20.83,-77.674,-2.828,25,5.2,0
438232,1988,5,19,10,46,5.93,-82.808,2.472,15,5.07,0
433034,1988,7,29,14,11,0.85,-80.844,-6.031,44.3,5.57,0
425481,1988,9,15,18,48,2.57,-77.81,-1.419,173.5,6.18,0
417637,1988,12,9,20,29,30.07,-77.751,-2.877,21,5.36,0
415677,1989,1,18,17,32,12.76,-74.505,-6.989,147,5.36,0
412618,1989,2,12,20,3,17.4,-79.906,2.671,34.2,5.1,0
403735,1989,5,4,10,30,8.09,-75.666,-6.613,30,5.13,0
402930,1989,6,25,20,37,33.9,-79.497,1.161,17.4,6.29,0
392001,1989,9,9,1,40,37.96,-79.753,2.402,14.2,5.69,0
392582,1989,9,16,1,49,18.36,-77.558,-0.567,15,5.5,0
389085,1989,10,9,10,3,19.95,-77.523,-4.283,20,5.44,0
381757,1990,1,20,16,59,3.86,-81.107,-5.872,26.5,5.42,0
378185,1990,2,10,17,12,11.4,-80.756,-3.252,57.1,5.54,0
378642,1990,2,16,15,12,45.96,-80.675,-3.192,54.2,5.25,0
375549,1990,3,13,19,40,35.4,-76.948,-3.483,117.4,5.59,0
370748,1990,5,30,2,34,7.53,-77.231,-6.037,25,6.53,0
370807,1990,5,30,16,49,28.87,-77.171,-6.109,25,5.62,0
365320,1990,6,6,2,1,9.68,-77.167,-6.163,22.9,5.3,0
365644,1990,6,9,1,14,35.49,-77.152,-6.164,23.6,5.47,0
364505,1990,7,29,15,29,14.25,-80.98,-4.929,38.9,5.19,0
359141,1990,8,11,2,59,58.31,-78.548,-0.153,19.6,5.26,0
355268,1990,9,2,4,26,49.17,-80.212,-0.136,14.3,6.21,0
354253,1990,10,21,15,10,43.86,-77.234,-4.083,108.2,5.39,0
351621,1990,11,25,12,32,46.59,-77.747,-2.7,25,5.35,0
337598,1991,3,5,13,49,6.82,-83.229,3.158,10,5.61,0
339071,1991,3,20,13,8,57.42,-81.062,-5.851,25,5.97,0
340034,1991,3,29,20,13,48.58,-80.878,-4.022,30,5.56,0
334372,1991,4,4,15,23,21.95,-77.105,-6.097,22.1,6.38,0
334378,1991,4,4,16,8,20.44,-76.983,-5.968,28.7,5.37,0
334433,1991,4,5,4,19,51.2,-77.104,-6.023,22.3,6.92,0
334437,1991,4,5,5,1,11.83,-77.448,-5.825,23.8,5.61,0
334441,1991,4,5,5,29,53.49,-77.232,-5.976,30,5.28,0
334503,1991,4,5,17,13,56.84,-77.035,-6.077,25,5.49,0
334598,1991,4,6,14,21,46.48,-77.151,-6.038,20,5.36,0
334748,1991,4,7,23,16,29.63,-77.041,-5.924,35.9,5.25,0
335176,1991,4,12,3,50,8.81,-77.051,-5.736,38.5,5.38,0
335227,1991,4,12,17,0,5.68,-77.017,-5.861,32.2,5.31,0
335256,1991,4,13,0,59,38.42,-77.204,-5.802,26.9,5.22,0
336126,1991,4,21,18,11,5.19,-77.095,-6.007,33.4,5.21,0
336411,1991,4,24,5,13,11.69,-79.675,2.544,26.6,6.13,0
331039,1991,5,4,13,0,55.25,-77.184,-6.053,41,5.16,0
328739,1991,6,12,0,45,41.31,-78.915,-2.283,96.1,5.76,0
321824,1991,8,4,7,45,32.52,-80.746,-0.923,20.7,5.42,0
313471,1991,11,13,20,27,36.55,-78.579,3.151,24.7,5.5,0
307268,1992,1,15,1,18,14.02,-76.916,-2.206,148.6,5.53,0
298056,1992,3,1,6,15,21.17,-75.87,-6.803,35,5.22,0
281804,1992,7,13,18,11,35.25,-76.594,-3.936,100,6.31,0
277732,1992,8,17,0,52,7.24,-77.892,-4.725,33.1,5.25,0
277946,1992,8,18,12,53,59.95,-79.947,-2.778,50.5,5.22,0
272069,1992,9,8,5,41,43.88,-82.631,3.947,13.3,5.2,0
272131,1992,9,8,14,40,23.72,-82.586,3.921,15,5.61,0
273531,1992,9,18,9,30,40.62,-83.211,3.318,4.4,5.08,0
273541,1992,9,18,10,50,34.78,-83.079,3.387,15.1,5.11,0
268527,1992,10,19,10,11,13.27,-82.945,3.03,15,5.64,0
259248,1992,12,26,14,57,40.36,-77.822,-1.072,10,5.84,0
207286,1993,9,11,6,14,28.8,-76.302,-4.747,121.2,5.69,0
189948,1994,1,20,9,6,53.67,-76.968,-6.045,120.5,5.71,0
190634,1994,1,25,5,41,19.8,-77.98,-1.629,165,5.41,0
172865,1994,5,11,11,53,28.41,-78.736,0.381,14.4,5.49,0
167240,1994,6,3,11,25,8.7,-78.835,3.495,15.1,5.78,0
167996,1994,6,6,20,47,41.67,-75.949,2.889,10,6.78,0
163670,1994,7,7,22,54,11.93,-78.312,-1.062,10,5.29,0
143917,1994,11,26,2,12,43.37,-80.965,-4.658,39,5.27,0
143933,1994,11,26,4,48,4.44,-79.512,2.772,14.4,5.25,0
123162,1995,1,7,2,13,29.04,-77.962,-1.622,164,5.56,0
119047,1995,2,12,1,2,8.33,-76.099,-5.75,20.3,5.55,0
119981,1995,2,16,9,35,19.12,-76.119,-5.78,16.2,4.97,0
115497,1995,3,26,15,12,32.66,-79.522,-2.247,94.9,5.58,0
108983,1995,4,12,18,22,32.78,-78.456,2.697,35,5.03,0
109279,1995,4,14,14,13,0.79,-77.524,-1.849,164.3,5.61,0
101590,1995,5,2,6,6,7.36,-76.892,-3.808,104.7,6.68,0
73244,1995,10,3,1,51,26.23,-77.903,-2.852,30,7,0
73245,1995,10,3,1,57,2.35,-77.817,-2.778,20,5.72,0
73251,1995,10,3,2,33,52.38,-77.846,-2.694,15,5.35,0
73284,1995,10,3,5,20,25.58,-77.943,-2.794,15,5.24,0
73308,1995,10,3,6,27,25.32,-77.868,-2.834,15,5.43,0
73404,1995,10,3,12,44,59.8,-77.867,-2.847,20,6.43,0
73704,1995,10,4,8,38,9.28,-77.877,-2.795,25,5.3,0
73994,1995,10,5,1,36,55.93,-77.962,-2.782,25,5.23,0
74916,1995,10,7,21,28,4.36,-77.849,-2.876,13.5,5.76,0
75096,1995,10,8,10,27,38.68,-77.961,-2.668,20,5.4,0
75754,1995,10,10,17,29,24.42,-79.396,1.115,56.2,5.1,0
81768,1995,10,29,5,28,48.51,-77.81,-2.774,25,5.05,0
67391,1995,11,5,9,24,29.78,-78.961,-2.971,85.3,5.17,0
67716,1995,11,7,4,4,23.34,-77.807,-2.441,20,5.12,0
68777,1995,11,13,12,36,56.47,-79.455,2.875,23.1,5.34,0
72605,1995,11,30,18,0,28.63,-81.915,-6.11,15,5.54,0
944391,1996,1,28,0,28,31.52,-77.62,-2.017,154.1,5.3,0
955873,1996,3,28,23,3,48.9,-78.637,-1.04,16.3,5.89,0
961083,1996,4,27,8,40,44.42,-79.429,2.326,15,6.07,0
979084,1996,8,5,21,39,15.94,-81.039,-1.991,20,6.29,0
982773,1996,8,25,14,8,59.65,-78.775,-1.075,15,5.45,0
1002007,1996,12,16,1,46,38.66,-80.77,-0.179,27.1,5.51,0
1014399,1997,3,5,2,28,56.71,-80.49,-3.624,34.8,5.12,0
1018622,1997,3,27,10,2,18.33,-82.68,3.941,15,5.22,0
1020406,1997,4,6,17,24,57.05,-77.833,-2.807,25,5.33,0
1034735,1997,6,30,18,56,28.2,-80.965,-4.11,30,5.81,0
1038310,1997,7,23,14,3,31.62,-75.961,-6.07,29,5.4,0
936787,1997,8,15,22,53,30.81,-81.08,-5.895,20,5.69,0
1039850,1997,9,2,12,13,24.43,-75.578,3.864,199.4,6.75,0
1045682,1997,10,5,0,54,59.21,-79.769,2.544,15,5.28,0
1049630,1997,10,28,6,15,19.97,-76.577,-4.391,120,7.18,0
1058154,1997,12,11,7,56,30.49,-75.716,3.939,186,6.34,0
1082794,1998,3,21,2,18,55.87,-80.768,-4.299,38.5,5.31,0
1090112,1998,4,4,14,42,53.9,-77.343,-3.757,113.6,5.09,0
1164032,1998,7,1,14,57,14.87,-80.989,-1.129,15,5.15,0
1174698,1998,8,4,17,35,4.46,-80.382,-0.557,20,5.54,0
1174716,1998,8,4,18,59,20.75,-80.237,-0.607,20,7.14,0
1313217,1998,10,23,1,48,52.55,-76.371,-2.476,146.7,5.37,0
1336167,1998,12,30,3,32,37.89,-77.897,-1.697,162.2,5.32,0
1628265,1999,4,26,18,17,27.13,-77.682,-1.704,170.3,6.03,0
1654952,1999,8,3,15,58,58.34,-79.105,-3.465,85.2,5.83,0
1655534,1999,8,28,12,40,7.08,-77.531,-1.369,198.2,6.21,0
1658493,1999,12,25,18,19,31.58,-75.259,-6.189,25.6,5.47,0
1728632,2000,2,14,17,51,56.98,-77.231,-5.675,32.5,5.1,0
1734902,2000,4,29,19,52,22.68,-76.983,-6.482,125.3,5.7,0
1735680,2000,5,22,13,15,10.73,-81.068,-4.076,40.4,5.81,0
1735712,2000,5,23,16,36,48.11,-78.424,2.112,40.9,5.19,0
1738972,2000,8,13,4,19,2.47,-77.71,-5.206,25,5.29,0
1910275,2000,8,22,1,17,24.12,-82.267,1.299,15,5.09,0
1740128,2000,9,20,8,37,18.08,-80.549,-1.894,35,5.49,0
1740341,2000,9,28,23,23,43.74,-80.517,-0.166,17.8,6.38,0
1740650,2000,10,8,20,12,30.23,-78.112,0.361,10,5.1,0
3239747,2001,1,27,23,57,2.7,-76.895,-4.416,116.9,5.51,0
2043574,2001,3,15,8,10,54.34,-76.631,-5.701,25,5.16,0
1893797,2001,6,24,0,49,35.25,-80.876,-3.912,29.9,5.16,0
1906242,2001,6,29,3,11,30.15,-81,-4.037,39.4,5.27,0
2104213,2001,9,22,3,23,38.85,-75.878,3.91,175.5,5.92,0
2347425,2001,11,17,16,30,56.31,-77.947,-3.471,101.4,5.07,0
2991846,2002,4,21,22,24,7.24,-81.144,-5.883,25,5.84,0
3208868,2002,6,29,19,17,53.49,-76.631,-5.493,25,5.14,0
3492693,2002,7,29,23,40,9.74,-76.779,-6.976,67.5,5.16,0
3236626,2002,8,6,14,26,13.9,-76.722,-5.365,108.9,5.22,0
3375463,2002,9,13,10,23,4.14,-80.636,-4.929,42.4,5.24,0
3443464,2002,9,29,2,52,36.7,-80.694,-4.917,39,5.18,0
6131957,2002,11,13,3,19,2.63,-77.934,-4.624,25,5.18,0
6139534,2002,11,23,23,56,40.25,-74.399,3.301,26.3,5.09,0
6261570,2002,12,21,0,46,8.52,-79.059,3.662,10,5.24,0
6547238,2003,1,31,16,54,34.68,-77.086,-2.767,111.9,5.16,0
7067653,2003,8,22,5,29,15.67,-77.899,3.097,31.4,4.97,0
7126118,2003,9,13,18,33,10.7,-78.279,-1.107,10,5.28,0
7192265,2003,11,26,7,42,31.72,-75.739,-2.013,183.1,5.47,0
7226688,2004,1,4,16,13,57.65,-77.412,-3.577,15,5.21,0
7320399,2004,3,28,8,41,12.95,-78.366,-1.056,5,5.24,0
7351737,2004,6,1,15,52,39.27,-79.826,0.71,23.6,5.36,0
7388057,2004,8,11,23,2,24.29,-80.794,-3.107,42.4,5.24,0
7390303,2004,8,18,7,6,51.38,-76.504,2.133,22.9,5.07,0
7406430,2004,9,29,18,38,11.02,-76.982,-5.597,25.8,5.14,0
7441168,2004,11,24,16,19,50.76,-80.519,-0.796,25,5.07,0
7449829,2004,12,19,2,30,6.92,-76.299,-4.204,50,5.17,0
7461761,2005,1,15,11,40,36.8,-80.781,-3.621,29.9,5.04,0
7463084,2005,1,21,4,30,29.62,-80.92,-1.153,15,5.4,0
7463160,2005,1,21,13,45,14.05,-80.902,-1.195,10,5.99,0
7463197,2005,1,21,16,47,2.18,-81.085,-1.173,20,5,0
7463300,2005,1,22,1,12,13.27,-80.911,-1.144,18.5,5.12,0
7463631,2005,1,23,10,6,7.55,-80.874,-1.287,17.2,4.96,0
7463877,2005,1,24,6,11,51.56,-80.758,-2.399,25,5.56,0
7464039,2005,1,24,23,23,25.92,-80.829,-1.413,15,6.1,0
7464043,2005,1,24,23,26,50.78,-80.833,-1.403,15,5.81,0
7464049,2005,1,24,23,59,33.42,-80.941,-1.422,26,5.07,0
7466119,2005,1,28,9,26,18.89,-81.232,-1.187,15,5.99,0
7466300,2005,1,28,15,46,46.09,-81.22,-1.182,15,5.92,0
7467193,2005,1,30,7,6,47.41,-81.062,-0.884,20,5.67,0
7473001,2005,2,17,20,42,58.05,-81.184,-1.786,14,5.5,0
7485652,2005,3,27,8,3,35.93,-80.902,-1.281,19.8,5.12,0
7380573,2005,5,13,19,17,59.43,-80.638,-3.802,41.3,4.97,0
7381720,2005,5,21,5,11,34.59,-80.923,-3.334,37.1,6.35,0
7382740,2005,5,29,17,52,17.48,-80.974,-3.204,33.7,5.02,0
7144406,2005,6,21,10,3,51.09,-77.91,-1.788,157.2,4.96,0
7144708,2005,6,24,13,11,47.84,-81.147,-5.907,26.1,5.26,0
7553913,2005,9,17,16,51,59.42,-82.703,3.898,15.9,5.16,0
7553933,2005,9,18,1,24,51.74,-82.675,3.913,10,5.39,0
7553936,2005,9,18,6,14,1.15,-82.677,3.936,10,5.47,0
7951634,2005,9,26,1,55,38.93,-76.388,-5.742,130.6,7.5,0
7704978,2005,10,31,2,10,27.82,-78.708,-5.885,36.1,5.32,0
7706617,2005,11,5,9,10,59.46,-80.562,-2.038,35,5.12,0
7706696,2005,11,9,11,33,12.66,-77.007,-1.049,247,5.87,0
8029451,2005,12,20,16,34,48.93,-80.956,-1.957,14.6,5.35,0
7997247,2005,12,23,21,47,27.15,-77.585,-1.457,189.4,6.12,0
10597655,2006,3,5,5,28,31.66,-76.99,-3.464,117.9,5.15,0
10699037,2006,6,21,12,40,58.3,-77.41,-1.985,164.4,5.33,0
8496024,2006,6,27,13,41,13.49,-79.674,-2.841,15,5.17,0
8860120,2006,10,31,9,55,27.37,-77.842,-1.445,175.3,5.41,0
8943379,2006,11,9,9,23,18.21,-76.747,-5.591,40.9,5.21,0
10380807,2007,1,6,6,27,20.6,-77.976,-1.548,168.5,4.97,0
11501960,2007,2,13,14,56,42.63,-77.889,-1.533,170.9,5.57,0
11508511,2007,2,23,14,12,25.97,-78.132,-1.646,158.1,5.03,0
11691567,2007,3,6,13,5,8.37,-76.455,2.12,15,5.19,0
11696100,2007,3,13,14,50,48.7,-77.069,-5.507,25,5.21,0
11707867,2007,3,28,20,57,25.07,-77.745,-1.473,182.3,5.25,0
11931782,2007,4,22,11,57,41.47,-81.317,-3.749,42.5,5.42,0
12677498,2007,6,11,0,19,38.91,-79.051,-3.263,78.6,5.07,0
12677586,2007,6,11,3,57,14.64,-77.168,-2.216,144.5,5.06,0
13199006,2007,7,21,18,58,12.81,-78.121,-1.626,163.2,5.23,0
12961035,2007,9,10,1,49,13.44,-77.947,2.948,28.8,6.75,0
13204111,2007,9,26,4,43,17.05,-79.314,-3.957,98.7,5.93,0
13250848,2007,10,27,20,38,22.62,-77.916,-0.615,10,5.19,0
13267208,2007,11,16,3,12,59.04,-77.854,-2.421,120.5,6.78,0
13286767,2007,12,10,18,19,5,-80.1,0.572,27.6,5.05,0
13342429,2008,1,26,17,59,48.43,-80.532,-2.909,42.7,5.18,0
10623570,2008,2,23,3,23,7.29,-78.709,3.981,15,5.08,0
13388132,2008,7,4,6,2,48.63,-77.718,-1.482,184.4,5.22,0
11133625,2008,7,18,5,41,52.45,-80.402,-1.947,48.2,5.05,0
11207917,2008,8,18,15,38,7.26,-80.806,-5.804,35.8,5.07,0
11226751,2008,9,2,17,20,59.09,-76.008,2.928,15,5.24,0
11667447,2009,2,8,20,49,23.75,-79.107,-2.615,82.6,5.02,0
11667470,2009,2,9,14,9,2.36,-81.199,-6.653,15,5.88,0
11677912,2009,2,15,10,4,50.25,-80.945,-5.831,30,6.05,0
11730851,2009,2,21,22,47,30.67,-78.134,-2.8,24.8,5.03,0
12062029,2009,3,26,17,35,15.74,-81.409,-5.761,15,5.83,0
13439240,2009,5,1,0,34,9.64,-77.512,-1.665,188.3,5.11,0
13324951,2009,7,3,10,4,54.17,-75.674,3.682,25,5.31,0
13441783,2009,7,19,8,35,42.11,-80.482,-1.766,28.4,5.44,0
13653019,2009,8,27,14,56,37.87,-81.354,-5.521,15,5.26,0
13836460,2009,10,9,18,11,36.81,-77.904,-1.021,17.5,5.19,0
13856801,2009,10,15,1,43,0.54,-80.231,-4.55,59.8,5.24,0
13937609,2009,11,15,17,36,47.92,-82.945,3.265,18.9,5.22,0
14196207,2009,12,18,14,30,2.73,-76.311,3.025,163.5,5.14,0
14342499,2010,2,28,10,26,53.37,-80.548,-1.193,54.3,5.26,0
14506931,2010,3,26,1,56,37.64,-78.272,-1.264,15,4.96,0
14510063,2010,3,27,23,50,17.21,-80.749,-4.757,33.7,5.14,0
14569138,2010,4,12,5,51,30.38,-77.409,-4.541,40.7,5.2,0
14712746,2010,5,19,4,15,43.16,-77.521,-5.143,134.8,6.02,0
14787782,2010,6,26,18,40,13.9,-77.233,-4.768,118.6,5.16,0
15048996,2010,7,29,19,34,44.28,-75.146,3.935,33.1,5.06,0
15082104,2010,8,12,11,54,15.36,-77.378,-1.289,209.8,7.08,0
15152994,2010,9,2,13,28,10.64,-76.082,-6.624,42.6,5.14,0
15183610,2010,9,11,18,55,23.94,-80.584,-4.277,50.1,5.21,0
15236690,2010,10,9,14,4,47.08,-76.646,-2.748,122.8,5.16,0
15671636,2010,11,25,4,19,39.74,-79.964,0.402,26.1,5.36,0
16587450,2011,4,10,21,33,10.99,-82.647,3.931,17.4,4.97,0
16459948,2011,4,25,22,22,12.75,-78.042,-2.831,25,5.14,0
16506961,2011,5,12,2,36,3.55,-81.666,-1.724,22.7,5.04,0
16632952,2011,6,18,22,11,19.59,-80.935,-5.936,38.5,5.12,0
16632960,2011,6,19,0,20,5.21,-81.073,-6.061,25,5.6,0
16990802,2011,7,23,12,53,2.15,-82.657,3.817,10,5.02,0
16887050,2011,7,25,18,25,10.89,-76.63,-5.383,119.3,5.17,0
16899224,2011,7,26,20,58,28.82,-76.732,-2.725,122.5,5.01,0
16950929,2011,8,15,2,53,18.96,-77.017,-1.855,185,5.74,0
17267898,2011,9,25,0,35,4.95,-81.846,-6.019,11.5,5.08,0
17341729,2011,10,13,15,6,16.36,-75.569,-6.61,15,5.15,0
17528407,2011,11,9,18,22,57.37,-77.439,-4.604,30,5.19,0
17542862,2011,11,17,1,57,3.9,-81.688,-1.733,15,5.99,0
600190187,2012,1,10,18,7,11.79,-80.499,-0.777,36.8,5.12,0
600342407,2012,2,8,10,54,41.08,-79.313,0.676,55,5.23,0
600652900,2012,2,11,4,44,23.28,-76.582,-6.343,10,5.12,0
600847133,2012,4,3,3,8,4.66,-80.771,-5.224,37.2,5.15,0
601109566,2012,6,8,4,19,0.84,-81.598,-1.74,18.4,4.96,0
601125304,2012,6,16,0,19,37.19,-76.321,-2.264,33.8,5.18,0
601128940,2012,6,18,13,34,47.46,-78.807,-1.067,15,5.15,0
601485570,2012,7,30,5,19,44.24,-80.839,-1.927,24.1,4.97,0
601768557,2012,9,30,16,31,34.14,-76.386,1.921,155,7.24,0
601848635,2012,10,25,20,49,35.03,-76.208,-5.96,22.7,5.22,0
601890528,2012,11,13,1,56,42.03,-81.67,-1.823,15,5.1,0
606632429,2012,11,28,3,9,48.87,-76.122,-4.59,123.8,5.67,0
601995193,2012,11,29,7,9,14.12,-81.134,-6.679,23.6,5.37,0
602323942,2013,1,15,22,34,48.77,-80.988,-5.735,31.2,5.16,0
602430285,2013,2,9,14,16,7.47,-77.443,1.078,148.2,6.97,0
603067069,2013,6,10,14,21,13.43,-81.635,-5.607,17.5,5.02,0
608161305,2013,8,12,9,49,31.53,-81.969,-5.423,10,6.21,0
603487596,2013,9,26,17,44,17.71,-76.465,-5.98,35,5.15,0
603947032,2014,1,9,12,50,18.12,-75.92,2.969,24.7,5.01,0
604009308,2014,1,26,5,10,30.72,-80.864,-3.856,35.9,5.34,0
604106448,2014,3,9,20,29,54.09,-79.365,1.623,15,5.62,0
606813501,2014,3,15,23,51,33.2,-80.941,-5.668,32.5,6.28,0
604366197,2014,3,25,9,56,29.97,-79.286,-2.279,25,5.19,0
604727835,2014,6,16,6,39,32.99,-79.381,1.659,16,5.72,0
610571647,2014,8,3,21,2,43.31,-80.918,-3.959,33.7,5.54,0
605132230,2014,8,4,3,20,7.92,-81.6,-6.932,14.8,5.33,0
605145530,2014,8,12,19,58,0.05,-78.428,-0.083,12.5,5.08,0
610573194,2014,10,20,19,33,23,-77.919,0.7,15,5.61,0
605736877,2014,11,26,11,18,34.03,-79.789,-2.941,35,5.19,0
606395759,2014,12,3,12,59,28.53,-76.841,-2.159,162.3,5.21,0
606411980,2014,12,21,17,40,41.63,-77.914,-0.37,20,5,0
606582775,2015,1,16,11,39,22.42,-80.089,-3.392,75,5.22,0
606632840,2015,2,1,23,32,59.21,-76.638,-3.956,108.7,5.01,0
606759144,2015,2,22,12,56,24.23,-76.45,2.73,152.3,5.55,0
610587174,2015,3,27,21,59,37.96,-77.644,-1.271,189,5.53,0
607213198,2015,4,28,11,19,50.26,-79.732,-2.142,83.8,5.37,0
607255662,2015,5,20,22,34,28.94,-77.64,-3.087,10,5.31,0
607272249,2015,5,30,6,26,6.01,-79.535,1.212,24,5.41,0
607285990,2015,6,7,6,39,28.02,-81.186,-6.705,14.4,5.23,0
607501378,2015,7,19,11,16,22.57,-78.96,2.811,22.1,5.03,0
607833253,2015,9,28,8,15,59.45,-80.681,-3.409,31,4.99,0
607879035,2015,10,15,10,7,26.73,-78.93,-2.585,97.8,5.47,0
608135568,2016,1,1,17,15,41.11,-78.944,0.43,17.7,5.1,0
608461159,2016,3,6,0,54,44.48,-80.558,-1.467,43.1,4.96,0
608544759,2016,4,9,7,15,13.08,-78.194,-4.237,41.9,5.15,0
608556966,2016,4,16,23,58,35,-79.966,0.278,11.3,7.78,0
608556971,2016,4,17,0,29,31.74,-80.458,-0.264,18.8,5.53,0
608556985,2016,4,17,7,13,59.17,-80.326,-0.435,22.8,5.99,0
608556988,2016,4,17,9,23,40.58,-80.661,-0.215,15,5.7,0
608588058,2016,4,18,18,38,11.49,-80.868,-0.985,15,5.45,0
608561428,2016,4,18,21,15,52.55,-80.894,-0.084,15,5.27,0
611829618,2016,4,19,22,22,27.52,-80.085,0.529,30.2,5.68,0
611829637,2016,4,20,8,33,45.34,-80.275,0.652,10,6.04,0
608588064,2016,4,20,8,35,9.55,-80.13,0.66,12.4,6.06,0
608588071,2016,4,20,21,30,5.66,-80.04,0.548,26.9,5.04,0
609595544,2016,4,22,3,3,41.44,-80.592,-0.279,19.5,6.01,0
608589451,2016,4,22,3,20,12.56,-80.67,-0.332,18.3,5.88,0
608589453,2016,4,22,4,31,35.42,-80.556,-0.409,26.5,5.05,0
608589464,2016,4,22,8,52,19.28,-80.71,-0.213,15,5.14,0
608590179,2016,4,23,1,24,32.9,-80.326,0.593,12.4,5.67,0
608600829,2016,4,26,21,58,34.66,-80.766,-0.206,15,5.3,0
611829810,2016,5,18,7,57,3.21,-79.873,0.428,32.1,6.7,0
608794662,2016,5,18,16,46,43.3,-79.721,0.444,34.3,6.87,0
608898835,2016,6,1,10,5,17.48,-80.553,0.254,15,5.09,0
609087200,2016,7,8,4,28,42.62,-80.928,-0.418,15,5.41,0
609093421,2016,7,11,2,1,9.65,-79.681,0.543,23.5,5.93,0
609093424,2016,7,11,2,11,4.57,-79.714,0.545,25.6,6.34,0
609223849,2016,7,21,11,57,46.01,-80.528,-1.006,16,5.15,0
609439035,2016,9,10,10,8,18.87,-76.969,-5.603,120.9,6.11,0
609569043,2016,9,30,16,45,12.09,-77.663,-1.65,174.7,5.02,0
611830943,2016,10,31,0,20,11.09,-74.617,3.386,42.7,5.57,0
609625251,2016,10,31,2,5,57.93,-74.593,3.368,36.5,5.04,0
609869873,2016,12,12,15,53,58.99,-79.851,0.824,32.7,5.08,0
609925467,2016,12,19,7,11,39.84,-79.777,0.852,17.5,5.45,0
609926547,2016,12,20,10,49,58.09,-79.809,0.883,14,5.3,0
611831450,2017,1,2,13,13,48,-76.343,-4.951,109.2,5.92,0
610051736,2017,1,11,2,36,30.66,-80.081,0.594,20,5,0
610159183,2017,1,31,14,22,40.97,-79.709,0.699,31.6,5.42,0
610159387,2017,1,31,23,38,27.3,-76.845,-3.292,52.5,5.15,0
610198059,2017,2,6,13,2,44.98,-74.728,3.387,47.5,5.48,0
610231667,2017,2,20,7,45,12.1,-74.869,-5.193,27.1,5.1,0
610394234,2017,3,21,4,29,12.59,-80.892,-3.6,39.6,4.98,0
610434551,2017,3,24,9,0,54.97,-79.474,3.317,11.4,5.2,0
610435088,2017,3,25,18,6,45.67,-76.943,-4.537,21.9,5.13,0
610532536,2017,4,18,17,49,56.04,-75.246,-2.725,21.6,5.94,0
610662329,2017,6,5,11,34,9.82,-80.499,-4.151,50.9,5.62,0
610728836,2017,6,30,22,29,45.61,-80.513,-0.296,25.1,6.01,0
610757105,2017,7,2,19,26,28.76,-74.066,3.529,35,5.33,0
610778305,2017,7,11,12,9,15.51,-79.805,0.693,26.9,5.43,0
611084013,2017,10,7,9,26,13.24,-78.048,-1.701,152.3,5.26,0
615818036,2017,10,9,4,15,21.7,-77.657,-1.676,177.5,4.99,0
611444854,2017,11,4,0,16,34.96,-76.122,2.484,164.5,5.14,0
611470510,2017,11,17,13,40,39.52,-79.948,-2.397,76,5.4,0
611470959,2017,11,18,4,23,45.45,-79.729,-2.887,32.5,5.62,0
616640618,2017,11,19,21,42,12,-78.041,-1.735,154.6,5.05,0
611575821,2017,12,3,11,19,5.92,-80.374,-0.497,28,6.2,0
611689095,2018,2,16,8,1,25.3,-81.08,-5.911,26.4,5.26,0
611940607,2018,5,18,12,43,53.49,-82.604,3.975,5.8,5.43,0
611940610,2018,5,18,13,56,38.55,-82.588,3.972,15,5.21,0
611943778,2018,5,22,13,36,16.4,-78.675,0.568,19,4.99,0
618237865,2018,9,7,2,12,4.2,-78.924,-2.3,102.4,6.23,0
612708359,2018,9,8,14,38,56.67,-81.559,-4.431,14.6,5.12,0
613510515,2018,10,20,18,42,22.34,-77.004,-5.187,108.4,5.02,0
613510608,2018,10,21,21,8,54.79,-80.093,-1.898,69.6,5.15,0
613514318,2018,10,26,9,11,51.72,-77.937,-1.516,170.3,4.97,0
614237348,2018,11,17,12,55,36.21,-80.799,-2.538,31.7,5.07,0
614453609,2018,12,15,21,11,39.85,-79.137,0.222,25,5.17,0
614508335,2019,1,3,21,11,50.27,-76.914,-5.737,42.6,5.18,0
614575835,2019,1,18,21,27,0.05,-76.774,-3.275,102.6,5.69,0
614590693,2019,1,26,12,32,26.85,-75.899,3.029,15,5.61,0
614592262,2019,1,28,21,7,10,-75.897,3.063,11.8,5.48,0
614611508,2019,2,4,17,45,46.91,-80.024,-2.446,70.1,5.82,0
614612983,2019,2,5,9,53,3.51,-78.739,-2.88,98.4,4.96,0
614670009,2019,2,14,6,24,46.12,-77.878,0.661,15,5.05,0
614969911,2019,2,22,10,17,23.04,-77,-2.251,152.4,7.48,0
614969921,2019,2,22,10,40,38.76,-79.938,-2.28,70.7,5.62,0
620328439,2019,3,20,16,23,21.53,-77.374,-2.815,29.6,5.3,0
620301451,2019,3,31,7,4,5.23,-80.996,-2.011,30.9,6.24,0
620328592,2019,3,31,7,28,51.52,-80.829,-2.008,32.6,5.65,0
615332529,2019,3,31,14,9,12.76,-80.931,-1.934,27.4,5.02,0
615372867,2019,4,8,3,23,48.68,-80.462,-2.219,52.7,5.03,0
615376080,2019,4,9,11,39,52.38,-78.76,3.813,15,5.03,0
615409077,2019,4,17,9,55,48.07,-82.714,3.992,14,5.11,0
615409932,2019,4,17,15,1,1.33,-78.137,-5.127,62.2,5.1,0
615702567,2019,5,16,4,4,55.63,-76.982,-2.349,134.6,5.05,0
615748456,2019,5,26,7,41,15.21,-75.243,-5.898,133,7.99,0
616042638,2019,7,4,18,20,58.84,-80.422,-4.28,59.5,5.13,0
616239630,2019,8,18,9,28,28.28,-79.459,-2.393,87.3,5.03,0
616249596,2019,8,25,20,30,19.19,-78.056,2.788,57.1,4.99,0
617002060,2019,12,24,19,3,52.91,-74.16,3.435,20.8,5.96,0
621378269,2019,12,24,19,11,2.18,-74.163,3.454,20.9,5.25,0
617183106,2019,12,24,19,15,44.08,-74.128,3.475,18,5.16,0
617002307,2019,12,24,19,19,4.94,-74.165,3.445,17.7,5.77,0
